Date|Close|Open|High|Low|Volume|Change
2017-01-03|29.04|28.95|29.08|28.69|115130000.0|0.0031
2017-01-04|29.0|28.96|29.13|28.94|84470000.0|-0.0014000000000000002
2017-01-05|29.15|28.98|29.22|28.95|88770000.0|0.0052
2017-01-06|29.48|29.2|29.54|29.12|127010000.0|0.0113
2017-01-09|29.75|29.49|29.86|29.48|134250000.0|0.0092
2017-01-10|29.78|29.69|29.84|29.57|97850000.0|0.001
2017-01-11|29.94|29.68|29.98|29.65|110350000.0|0.0054
2017-01-12|29.81|29.72|29.82|29.55|108340000.0|-0.0043
2017-01-13|29.76|29.78|29.91|29.7|104450000.0|-0.0017000000000000001
2017-01-17|30.0|29.59|30.06|29.55|137760000.0|0.008100000000000001
2017-01-18|30.0|30.0|30.12|29.93|94850000.0|0.0
2017-01-19|29.95|29.85|30.02|29.84|102390000.0|-0.0017000000000000001
2017-01-20|30.0|30.11|30.11|29.93|130389999.99999999|0.0017000000000000001
2017-01-23|30.02|30.0|30.2|29.94|88200000.0|0.0007000000000000001
2017-01-24|29.99|29.89|30.02|29.88|92840000.0|-0.001
2017-01-25|30.47|30.11|30.52|30.07|130350000.0|0.016
2017-01-26|30.48|30.42|30.61|30.4|105350000.0|0.0003
2017-01-27|30.49|30.54|30.59|30.4|82250000.0|0.0003
2017-01-30|30.41|30.23|30.41|30.16|121510000.0|-0.0026
2017-01-31|30.34|30.29|30.35|30.16|196800000.0|-0.0023
2017-02-01|32.19|31.76|32.62|31.75|447940000.0|0.061
2017-02-02|32.13|31.99|32.35|31.95|134840000.0|-0.0019
2017-02-03|32.27|32.08|32.3|32.04|98030000.0|0.0044
2017-02-06|32.57|32.28|32.62|32.23|107380000.0|0.009300000000000001
2017-02-07|32.88|32.63|33.02|32.61|152740000.0|0.0095
2017-02-08|33.01|32.84|33.05|32.8|92020000.0|0.004
2017-02-09|33.1|32.91|33.11|32.78|113400000.0|0.0027
2017-02-10|33.03|33.12|33.23|33.01|80260000.0|-0.0021
2017-02-13|33.32|33.27|33.45|33.19|92140000.0|0.0088
2017-02-14|33.76|33.37|33.77|33.31|132900000.0|0.0132
2017-02-15|33.88|33.88|34.07|33.66|142490000.0|0.0036
2017-02-16|33.84|33.92|33.98|33.71|90340000.0|-0.0012
2017-02-17|33.93|33.77|33.96|33.77|88790000.0|0.0027
2017-02-21|34.17|34.06|34.19|33.99|98030000.0|0.0070999999999999995
2017-02-22|34.28|34.11|34.28|34.03|83350000.0|0.0032
2017-02-23|34.13|34.34|34.37|34.08|83150000.0|-0.0044
2017-02-24|34.16|33.98|34.16|33.82|87110000.0|0.0009
2017-02-27|34.23|34.28|34.36|34.07|81030000.0|0.002
2017-02-28|34.25|34.27|34.36|34.17|93930000.0|0.0006
2017-03-01|34.95|34.47|35.04|34.4|145660000.0|0.0204
2017-03-02|34.74|35.0|35.07|34.69|104840000.0|-0.006
2017-03-03|34.95|34.7|34.96|34.65|86280000.0|0.006
2017-03-06|34.84|34.84|34.94|34.65|87000000.0|-0.0031
2017-03-07|34.88|34.77|34.99|34.7|69790000.0|0.0011
2017-03-08|34.75|34.74|34.95|34.7|74830000.0|-0.0037
2017-03-09|34.67|34.69|34.7|34.26|88620000.0|-0.0023
2017-03-10|34.78|34.81|34.84|34.66|78450000.0|0.0032
2017-03-13|34.8|34.71|34.86|34.7|69690000.0|0.0006
2017-03-14|34.75|34.83|34.91|34.71|61240000.0|-0.0014000000000000002
2017-03-15|35.12|34.85|35.19|34.76|102770000.0|0.0106
2017-03-16|35.17|35.18|35.26|35.06|76930000.0|0.0014000000000000002
2017-03-17|35.0|35.25|35.25|34.97|175540000.0|-0.0048
2017-03-20|35.37|35.1|35.38|35.06|86170000.0|0.0106
2017-03-21|34.96|35.53|35.7|34.93|158120000.0|-0.0116
2017-03-22|35.35|34.96|35.4|34.94|103440000.0|0.011200000000000002
2017-03-23|35.23|35.31|35.4|35.15|81390000.0|-0.0034000000000000002
2017-03-24|35.16|35.38|35.44|35.09|89580000.0|-0.002
2017-03-27|35.22|34.85|35.3|34.66|94300000.0|0.0017000000000000001
2017-03-28|35.95|35.23|36.01|35.16|133500000.0|0.0207
2017-03-29|36.03|35.92|36.12|35.8|116760000.0|0.0022
2017-03-30|35.98|36.05|36.12|35.88|84830000.0|-0.0014000000000000002
2017-03-31|35.91|35.93|36.07|35.75|78650000.0|-0.0019
2017-04-03|35.92|35.93|36.03|35.76|79940000.0|0.0003
2017-04-04|36.19|35.81|36.22|35.79|79570000.0|0.0075
2017-04-05|36.01|36.05|36.37|35.95|110870000.0|-0.005
2017-04-06|35.91|36.07|36.13|35.86|84600000.0|-0.0028000000000000004
2017-04-07|35.84|35.93|36.05|35.82|66690000.0|-0.0019
2017-04-10|35.79|35.9|35.97|35.73|75730000.0|-0.0014000000000000002
2017-04-11|35.41|35.73|35.84|35.02|121520000.0|-0.0106
2017-04-12|35.45|35.4|35.54|35.25|81400000.0|0.0011
2017-04-13|35.26|35.48|35.59|35.26|71290000.0|-0.0054
2017-04-17|35.46|35.37|35.47|35.22|66330000.0|0.005699999999999999
2017-04-18|35.3|35.35|35.51|35.28|58790000.0|-0.0045000000000000005
2017-04-19|35.17|35.47|35.5|35.11|69310000.0|-0.0037
2017-04-20|35.61|35.3|35.73|35.29|93280000.0|0.0125
2017-04-21|35.57|35.61|35.67|35.46|69280000.0|-0.0011
2017-04-24|35.91|35.88|35.99|35.8|68540000.0|0.0096
2017-04-25|36.13|35.98|36.23|35.97|75490000.0|0.0060999999999999995
2017-04-26|35.92|36.12|36.15|35.84|80160000.0|-0.0058
2017-04-27|35.95|35.98|36.04|35.83|56990000.0|0.0008
2017-04-28|35.91|36.02|36.08|35.82|83440000.0|-0.0011
2017-05-01|36.65|36.27|36.8|36.24|134410000.0|0.0206
2017-05-02|36.88|36.88|37.02|36.71|181410000.0|0.0063
2017-05-03|36.77|36.4|36.87|36.07|182790000.0|-0.003
2017-05-04|36.63|36.63|36.78|36.45|93490000.0|-0.0038
2017-05-05|37.24|36.69|37.24|36.69|109310000.0|0.0167
2017-05-08|38.25|37.26|38.42|37.26|195010000.0|0.0271
2017-05-09|38.5|38.47|38.72|38.36|156520000.0|0.006500000000000001
2017-05-10|38.31|38.41|38.48|38.03|103220000.0|-0.0049
2017-05-11|38.49|38.11|38.52|38.08|109020000.0|0.004699999999999999
2017-05-12|39.02|38.67|39.1|38.67|130110000.00000001|0.0138
2017-05-15|38.92|39.0|39.16|38.76|104040000.0|-0.0026
2017-05-16|38.87|38.98|39.02|38.68|80190000.0|-0.0013
2017-05-17|37.56|38.4|38.64|37.43|203070000.0|-0.0337
2017-05-18|38.13|37.82|38.34|37.78|134270000.0|0.0152
2017-05-19|38.27|38.34|38.49|38.16|107840000.0|0.0037
2017-05-22|38.5|38.5|38.65|38.23|91870000.0|0.006
2017-05-23|38.45|38.73|38.73|38.33|79680000.0|-0.0013
2017-05-24|38.34|38.46|38.54|38.17|76880000.0|-0.0029
2017-05-25|38.47|38.43|38.59|38.26|76940000.0|0.0034000000000000002
2017-05-26|38.4|38.5|38.56|38.33|87710000.0|-0.0018
2017-05-30|38.42|38.35|38.61|38.33|80510000.0|0.0005
2017-05-31|38.19|38.49|38.54|38.09|97800000.0|-0.006
2017-06-01|38.3|38.29|38.33|38.05|65620000.00000001|0.0029
2017-06-02|38.86|38.4|38.86|38.22|111080000.0|0.0146
2017-06-05|38.48|38.59|38.61|38.37|101330000.0|-0.0098
2017-06-06|38.61|38.48|38.95|38.45|106500000.0|0.0034000000000000002
2017-06-07|38.84|38.76|38.99|38.62|84280000.0|0.006
2017-06-08|38.75|38.81|38.88|38.6|85000000.0|-0.0023
2017-06-09|37.24|38.8|38.8|36.51|259529999.99999997|-0.039
2017-06-12|36.35|36.44|36.52|35.63|289230000.0|-0.0239
2017-06-13|36.65|36.79|36.86|36.29|136660000.0|0.0083
2017-06-14|36.29|36.88|36.88|35.96|126120000.0|-0.0098
2017-06-15|36.07|35.83|36.12|35.55|128660000.0|-0.0060999999999999995
2017-06-16|35.57|35.95|36.12|35.55|201440000.0|-0.0139
2017-06-19|36.59|35.91|36.69|35.91|130169999.99999999|0.0287
2017-06-20|36.25|36.72|36.72|36.23|99600000.0|-0.009300000000000001
2017-06-21|36.47|36.38|36.52|36.15|85060000.0|0.0060999999999999995
2017-06-22|36.41|36.44|36.67|36.28|76430000.0|-0.0016
2017-06-23|36.57|36.28|36.79|36.28|141760000.0|0.0044
2017-06-26|36.45|36.79|37.07|36.34|102770000.0|-0.0033
2017-06-27|35.93|36.25|36.54|35.91|99050000.0|-0.0143
2017-06-28|36.46|36.12|36.53|35.79|88330000.0|0.0148
2017-06-29|35.92|36.18|36.28|35.57|126000000.0|-0.0148
2017-06-30|36.01|36.11|36.24|35.95|92100000.0|0.0025
2017-07-03|35.88|36.22|36.33|35.77|57110000.0|-0.0036
2017-07-05|36.02|35.92|36.2|35.68|86280000.0|0.0039000000000000003
2017-07-06|35.68|35.76|35.88|35.6|96520000.0|-0.009399999999999999
2017-07-07|36.05|35.73|36.19|35.73|76810000.0|0.0104
2017-07-10|36.27|36.03|36.49|35.84|84360000.0|0.0060999999999999995
2017-07-11|36.38|36.18|36.46|36.09|79130000.0|0.003
2017-07-12|36.44|36.47|36.55|36.2|99540000.0|0.0016
2017-07-13|36.94|36.38|37.12|36.36|100800000.0|0.0137
2017-07-14|37.26|36.99|37.33|36.83|80530000.0|0.0087
2017-07-17|37.39|37.2|37.73|37.14|95170000.0|0.0034999999999999996
2017-07-18|37.52|37.3|37.53|37.17|71480000.0|0.0034999999999999996
2017-07-19|37.76|37.62|37.85|37.49|83690000.0|0.0064
2017-07-20|37.59|37.88|37.94|37.55|68970000.0|-0.0045000000000000005
2017-07-21|37.57|37.5|37.61|37.22|105010000.0|-0.0005
2017-07-24|38.02|37.65|38.11|37.48|85970000.0|0.012
2017-07-25|38.19|37.95|38.46|37.95|75420000.0|0.0045000000000000005
2017-07-26|38.37|38.34|38.48|38.27|63120000.0|0.004699999999999999
2017-07-27|37.64|38.44|38.5|36.83|129910000.0|-0.019
2017-07-28|37.38|37.47|37.56|37.3|68850000.0|-0.0069
2017-07-31|37.18|37.48|37.58|37.03|79380000.0|-0.0054
2017-08-01|37.51|37.27|37.55|37.1|141470000.0|0.0089
2017-08-02|39.28|39.82|39.94|39.04|279750000.0|0.0472
2017-08-03|38.89|39.26|39.3|38.76|108390000.0|-0.009899999999999999
2017-08-04|39.1|39.02|39.35|38.92|82240000.0|0.0054
2017-08-07|39.7|39.27|39.73|39.17|87480000.0|0.015300000000000001
2017-08-08|40.02|39.65|40.46|39.57|144820000.0|0.008100000000000001
2017-08-09|40.27|39.81|40.32|39.78|104530000.0|0.0062
2017-08-10|38.83|39.98|40.0|38.66|163220000.0|-0.0358
2017-08-11|39.37|39.15|39.64|39.02|105030000.0|0.0139
2017-08-14|39.96|39.83|40.05|39.69|88490000.0|0.015
2017-08-15|40.4|40.16|40.55|40.03|117860000.0|0.011000000000000001
2017-08-16|40.24|40.48|40.63|40.04|110690000.0|-0.004
2017-08-17|39.47|40.13|40.18|39.46|111760000.0|-0.0191
2017-08-18|39.38|39.47|39.88|39.18|109710000.0|-0.0023
2017-08-21|39.3|39.38|39.47|38.78|105470000.0|-0.002
2017-08-22|39.95|39.56|40.0|39.51|86420000.0|0.0165
2017-08-23|39.99|39.77|40.12|39.72|77600000.0|0.001
2017-08-24|39.82|40.11|40.19|39.64|79280000.0|-0.0043
2017-08-25|39.97|39.91|40.14|39.82|101920000.0|0.0038
2017-08-28|40.37|40.03|40.5|39.98|103860000.0|0.01
2017-08-29|40.73|40.02|40.78|40.0|118070000.0|0.0089
2017-08-30|40.84|40.95|40.97|40.65|109080000.0|0.0027
2017-08-31|41.0|40.91|41.13|40.87|107140000.0|0.0039000000000000003
2017-09-01|41.01|41.2|41.23|40.91|66360000.0|0.0002
2017-09-05|40.52|40.94|41.06|40.14|118150000.0|-0.011899999999999999
2017-09-06|40.48|40.68|40.75|40.13|86610000.0|-0.001
2017-09-07|40.31|40.52|40.56|40.09|87710000.0|-0.0042
2017-09-08|39.66|40.22|40.29|39.63|114450000.0|-0.0161
2017-09-11|40.38|40.12|40.51|39.97|126320000.0|0.0182
2017-09-12|40.22|40.65|40.99|39.69|286860000.0|-0.004
2017-09-13|39.91|39.97|39.99|39.48|179630000.0|-0.0077
2017-09-14|39.57|39.75|39.85|39.52|95040000.0|-0.0085
2017-09-15|39.97|39.62|40.24|39.5|196460000.0|0.0101
2017-09-18|39.67|40.03|40.12|39.5|113080000.0|-0.0075
2017-09-19|39.68|39.88|39.94|39.61|83240000.0|0.0003
2017-09-20|39.02|39.48|39.56|38.46|211810000.0|-0.0166
2017-09-21|38.35|38.95|38.95|38.19|150050000.0|-0.0172
2017-09-22|37.97|38.01|38.07|37.64|186580000.0|-0.009899999999999999
2017-09-25|37.64|37.5|37.96|37.29|177550000.0|-0.0087
2017-09-26|38.28|37.95|38.48|37.92|146640000.0|0.017
2017-09-27|38.56|38.45|38.68|38.38|102020000.0|0.0073
2017-09-28|38.32|38.47|38.57|38.17|88020000.0|-0.0062
2017-09-29|38.53|38.3|38.53|38.0|105200000.0|0.0055000000000000005
2017-10-02|38.45|38.56|38.61|38.18|74800000.0|-0.0021
2017-10-03|38.62|38.5|38.77|38.48|64920000.0|0.0044
2017-10-04|38.37|38.41|38.47|38.12|80660000.0|-0.006500000000000001
2017-10-05|38.85|38.55|38.86|38.51|85140000.0|0.0125
2017-10-06|38.83|38.74|38.87|38.64|69630000.0|-0.0005
2017-10-09|38.96|38.95|39.18|38.87|65050000.0|0.0033
2017-10-10|38.98|39.01|39.5|38.77|62470000.0|0.0005
2017-10-11|39.14|38.99|39.24|38.94|67620000.0|0.0040999999999999995
2017-10-12|39.0|39.09|39.34|38.93|64500000.0|-0.0036
2017-10-13|39.25|39.18|39.32|39.1|65580000.0|0.0064
2017-10-16|39.97|39.48|40.0|39.41|96490000.0|0.0183
2017-10-17|40.12|39.95|40.22|39.81|75990000.0|0.0038
2017-10-18|39.94|40.1|40.18|39.9|65500000.0|-0.0045000000000000005
2017-10-19|38.99|39.19|39.27|38.76|170340000.0|-0.023799999999999998
2017-10-20|39.06|39.15|39.44|38.99|95900000.0|0.0018
2017-10-23|39.04|39.22|39.42|38.88|87940000.0|-0.0005
2017-10-24|39.27|39.07|39.35|39.05|71030000.0|0.0059
2017-10-25|39.1|39.23|39.39|38.82|84830000.0|-0.0043
2017-10-26|39.35|39.31|39.46|39.2|68000000.0|0.0064
2017-10-27|40.76|39.82|40.9|39.67|177820000.0|0.0358
2017-10-30|41.68|40.97|42.02|40.93|178800000.0|0.0226
2017-10-31|42.26|41.98|42.41|41.73|144190000.0|0.0139
2017-11-01|41.72|42.47|42.48|41.4|134550000.0|-0.0128
2017-11-02|42.03|41.91|42.12|41.32|165570000.0|0.0074
2017-11-03|43.12|43.5|43.56|42.78|237590000.0|0.0259
2017-11-06|43.56|43.09|43.75|42.93|140110000.0|0.0102
2017-11-07|43.7|43.48|43.81|43.4|97450000.0|0.0032
2017-11-08|44.06|43.66|44.06|43.58|97640000.0|0.008199999999999999
2017-11-09|43.97|43.78|44.02|43.28|117930000.0|-0.002
2017-11-10|43.67|43.78|43.84|43.57|100580000.0|-0.0068000000000000005
2017-11-13|43.49|43.38|43.62|43.35|67930000.0|-0.0040999999999999995
2017-11-14|42.84|43.26|43.37|42.8|99130000.0|-0.0149
2017-11-15|42.27|42.49|42.58|42.09|116630000.0|-0.013300000000000001
2017-11-16|42.77|42.8|42.97|42.58|94550000.0|0.0118
2017-11-17|42.54|42.76|42.85|42.41|87600000.0|-0.0054
2017-11-20|42.49|42.57|42.64|42.39|65050000.0|-0.0012
2017-11-21|43.28|42.7|43.42|42.7|100530000.0|0.018600000000000002
2017-11-22|43.74|43.34|43.75|43.26|102360000.0|0.0106
2017-11-24|43.74|43.77|43.88|43.66|56110000.0|0.0
2017-11-27|43.52|43.76|43.77|43.34|82870000.0|-0.005
2017-11-28|43.27|43.58|43.72|42.97|105720000.0|-0.005699999999999999
2017-11-29|42.37|43.16|43.23|41.79|166670000.0|-0.0208
2017-11-30|42.96|42.61|43.03|42.11|166110000.0|0.0139
2017-12-01|42.76|42.49|42.92|42.12|159040000.0|-0.004699999999999999
2017-12-04|42.45|43.12|43.16|42.41|130169999.99999999|-0.0072
2017-12-05|42.41|42.27|42.88|42.1|109400000.0|-0.0009
2017-12-06|42.25|41.88|42.55|41.62|114240000.0|-0.0038
2017-12-07|42.33|42.26|42.61|42.23|102690000.0|0.0019
2017-12-08|42.34|42.62|42.75|42.2|93420000.0|0.0002
2017-12-11|43.17|42.3|43.22|42.2|141100000.0|0.0196
2017-12-12|42.92|43.04|43.1|42.87|77640000.0|-0.0058
2017-12-13|43.07|43.12|43.38|43.0|95270000.0|0.0034999999999999996
2017-12-14|43.05|43.1|43.28|42.91|81910000.0|-0.0005
2017-12-15|43.49|43.41|43.54|43.12|160680000.0|0.0102
2017-12-18|44.1|43.72|44.3|43.72|117680000.0|0.013999999999999999
2017-12-19|43.63|43.76|43.85|43.52|109750000.0|-0.010700000000000001
2017-12-20|43.59|43.72|43.85|43.31|93900000.0|-0.0009
2017-12-21|43.75|43.54|44.01|43.52|83800000.0|0.0037
2017-12-22|43.75|43.67|43.86|43.62|65400000.00000001|0.0
2017-12-26|42.64|42.7|42.87|42.42|132740000.00000001|-0.0254
2017-12-27|42.65|42.52|42.7|42.43|85990000.0|0.0002
2017-12-28|42.77|42.75|42.96|42.62|65920000.0|0.0028000000000000004
2017-12-29|42.31|42.63|42.65|42.3|104000000.0|-0.0108
2018-01-02|43.06|42.54|43.08|42.31|102220000.0|0.0177
2018-01-03|43.06|43.13|43.64|42.99|118070000.0|0.0
2018-01-04|43.26|43.13|43.37|43.02|89740000.0|0.0046
2018-01-05|43.75|43.36|43.84|43.26|94640000.0|0.0113
2018-01-08|43.59|43.59|43.9|43.48|82270000.0|-0.0037
2018-01-09|43.58|43.64|43.77|43.35|86340000.0|-0.0002
2018-01-10|43.57|43.29|43.58|43.25|95840000.0|-0.0002
2018-01-11|43.82|43.65|43.87|43.62|74670000.0|0.005699999999999999
2018-01-12|44.27|44.05|44.34|43.91|101670000.0|0.0103
2018-01-16|44.05|44.48|44.85|44.03|118260000.0|-0.005
2018-01-17|44.77|44.04|44.81|43.77|137550000.0|0.0163
2018-01-18|44.81|44.84|45.02|44.56|124770000.0|0.0009
2018-01-19|44.62|44.65|44.9|44.35|129699999.99999999|-0.0042
2018-01-22|44.25|44.33|44.45|44.15|108430000.0|-0.0083
2018-01-23|44.26|44.33|44.86|44.2|130759999.99999999|0.0002
2018-01-24|43.55|44.31|44.33|43.3|204420000.0|-0.016
2018-01-25|42.78|43.63|43.74|42.63|166120000.0|-0.0177
2018-01-26|42.88|43.0|43.0|42.52|156570000.0|0.0023
2018-01-29|41.99|42.54|42.54|41.77|202560000.0|-0.0208
2018-01-30|41.74|41.38|41.84|41.17|184190000.0|-0.006
2018-01-31|41.86|41.72|42.11|41.62|129919999.99999999|0.0029
2018-02-01|41.95|41.79|42.16|41.69|188920000.0|0.0022
2018-02-02|40.12|41.5|41.7|40.02|346380000.0|-0.0436
2018-02-05|39.12|39.77|40.97|39.0|290950000.0|-0.024900000000000002
2018-02-06|40.76|38.71|40.93|38.5|272980000.0|0.04190000000000001
2018-02-07|39.88|40.77|40.85|39.77|206430000.0|-0.0216
2018-02-08|38.79|40.07|40.25|38.76|217560000.0|-0.0273
2018-02-09|39.1|39.27|39.47|37.56|282690000.0|0.008
2018-02-12|40.68|39.62|40.97|39.38|243280000.0|0.0404
2018-02-13|41.09|40.49|41.19|40.41|130199999.99999999|0.0101
2018-02-14|41.84|40.76|41.88|40.72|162580000.0|0.0183
2018-02-15|43.25|42.45|43.27|42.25|204590000.0|0.0337
2018-02-16|43.11|43.09|43.7|42.94|160700000.0|-0.0032
2018-02-20|42.96|43.01|43.56|42.85|135720000.0|-0.0034999999999999996
2018-02-21|42.77|43.21|43.53|42.75|149890000.0|-0.0044
2018-02-22|43.12|42.95|43.49|42.93|123970000.0|0.008199999999999999
2018-02-23|43.88|43.42|43.91|43.38|135250000.0|0.0176
2018-02-26|44.74|44.09|44.85|44.05|152650000.0|0.0196
2018-02-27|44.6|44.77|45.12|44.54|155710000.0|-0.0031
2018-02-28|44.53|44.81|45.15|44.51|151130000.0|-0.0016
2018-03-01|43.75|44.63|44.94|43.16|195210000.0|-0.0175
2018-03-02|44.05|43.2|44.08|43.11|153820000.0|0.0069
2018-03-05|44.2|43.8|44.44|43.63|113610000.0|0.0034000000000000002
2018-03-06|44.17|44.48|44.56|44.03|95150000.0|-0.0007000000000000001
2018-03-07|43.76|43.73|43.96|43.57|126810000.0|-0.009300000000000001
2018-03-08|44.23|43.87|44.28|43.77|95100000.0|0.010700000000000001
2018-03-09|44.99|44.49|45.0|44.35|128740000.00000001|0.0172
2018-03-12|45.43|45.07|45.6|45.05|128830000.00000001|0.0098
2018-03-13|44.99|45.65|45.88|44.81|126770000.0|-0.0097
2018-03-14|44.61|45.08|45.13|44.45|117470000.0|-0.0084
2018-03-15|44.66|44.62|45.06|44.52|90980000.0|0.0011
2018-03-16|44.51|44.66|44.78|44.41|157620000.0|-0.0034000000000000002
2018-03-19|43.83|44.33|44.37|43.41|133789999.99999999|-0.015300000000000001
2018-03-20|43.81|43.81|44.2|43.73|78600000.0|-0.0005
2018-03-21|42.82|43.76|43.77|42.81|148220000.0|-0.0226
2018-03-22|42.21|42.5|43.17|42.15|165960000.0|-0.014199999999999999
2018-03-23|41.23|42.1|42.48|41.23|164120000.0|-0.0232
2018-03-26|43.19|42.02|43.27|41.61|150160000.0|0.0475
2018-03-27|42.09|43.42|43.79|41.73|163690000.0|-0.0255
2018-03-28|41.62|41.81|42.51|41.3|166670000.0|-0.011200000000000002
2018-03-29|41.95|41.95|42.94|41.73|153590000.0|0.0079
2018-04-02|41.67|41.97|42.23|41.12|150350000.0|-0.0067
2018-04-03|42.1|41.91|42.19|41.22|121110000.0|0.0103
2018-04-04|42.9|41.22|43.0|41.19|138420000.0|0.019
2018-04-05|43.2|43.15|43.56|43.02|107730000.0|0.006999999999999999
2018-04-06|42.09|42.74|43.12|42.05|140020000.0|-0.025699999999999997
2018-04-09|42.51|42.47|43.27|42.46|116070000.0|0.01
2018-04-10|43.31|43.25|43.5|42.88|114460000.0|0.018799999999999997
2018-04-11|43.11|43.06|43.48|42.92|89730000.0|-0.0046
2018-04-12|43.53|43.35|43.75|43.26|91560000.0|0.0097
2018-04-13|43.68|43.7|43.96|43.46|100500000.0|0.0034000000000000002
2018-04-16|43.95|43.76|44.05|43.71|86310000.0|0.0062
2018-04-17|44.56|44.12|44.73|44.1|106420000.0|0.0139
2018-04-18|44.46|44.45|44.7|44.22|83020000.0|-0.0022
2018-04-19|43.2|43.74|43.85|43.16|139240000.0|-0.028300000000000002
2018-04-20|41.43|42.65|42.8|41.36|261959999.99999997|-0.040999999999999995
2018-04-23|41.31|41.71|41.73|41.02|146060000.0|-0.0029
2018-04-24|40.73|41.42|41.58|40.31|134770000.0|-0.013999999999999999
2018-04-25|40.91|40.66|41.35|40.6|113530000.0|0.0044
2018-04-26|41.05|41.03|41.43|40.84|111850000.0|0.0034000000000000002
2018-04-27|40.58|41.0|41.08|40.16|142620000.0|-0.011399999999999999
2018-04-30|41.31|40.53|41.81|40.46|169710000.0|0.018000000000000002
2018-05-01|42.27|41.6|42.3|41.32|214280000.0|0.0232
2018-05-02|44.14|43.81|44.44|43.45|266160000.00000003|0.044199999999999996
2018-05-03|44.22|43.97|44.38|43.61|136270000.0|0.0018
2018-05-04|45.96|44.56|46.06|44.54|224810000.0|0.0393
2018-05-07|46.29|46.3|46.92|46.19|169810000.0|0.0072
2018-05-08|46.51|46.25|46.55|45.92|113610000.0|0.0048
2018-05-09|46.84|46.64|46.85|46.3|92840000.0|0.0070999999999999995
2018-05-10|47.51|46.94|47.59|46.91|111960000.0|0.0143
2018-05-11|47.15|47.37|47.52|46.86|104850000.0|-0.0076
2018-05-14|47.04|47.25|47.38|46.97|83120000.0|-0.0023
2018-05-15|46.61|46.7|46.77|46.27|94780000.0|-0.0091
2018-05-16|47.05|46.52|47.12|46.5|76730000.0|0.009399999999999999
2018-05-17|46.75|47.0|47.23|46.59|69180000.0|-0.0064
2018-05-18|46.58|46.8|46.95|46.53|73190000.0|-0.0036
2018-05-21|46.91|47.0|47.32|46.73|73600000.0|0.0070999999999999995
2018-05-22|46.79|47.09|47.22|46.7|60960000.0|-0.0026
2018-05-23|47.09|46.59|47.12|46.44|80230000.0|0.0064
2018-05-24|47.04|47.19|47.21|46.55|92940000.0|-0.0011
2018-05-25|47.15|47.06|47.41|46.91|69840000.0|0.0023
2018-05-29|46.98|46.9|47.19|46.72|90060000.0|-0.0036
2018-05-30|46.88|46.93|47.0|46.7|74760000.0|-0.0021
2018-05-31|46.72|46.8|47.06|46.53|109930000.0|-0.0034000000000000002
2018-06-01|47.56|47.0|47.56|46.94|93770000.0|0.018000000000000002
2018-06-04|47.96|47.91|48.35|47.84|105060000.0|0.0084
2018-06-05|48.33|48.27|48.48|48.09|86260000.0|0.0077
2018-06-06|48.49|48.41|48.52|47.98|83730000.0|0.0033
2018-06-07|48.37|48.53|48.55|48.08|85390000.0|-0.0025
2018-06-08|47.92|47.79|48.0|47.44|106630000.0|-0.009300000000000001
2018-06-11|47.81|47.84|47.99|47.55|73230000.0|-0.0023
2018-06-12|48.07|47.85|48.15|47.79|67640000.0|0.0054
2018-06-13|47.67|48.1|48.22|47.61|86550000.0|-0.0083
2018-06-14|47.7|47.89|47.89|47.55|86440000.0|0.0006
2018-06-15|47.21|47.51|47.54|47.06|246880000.0|-0.0103
2018-06-18|47.19|46.97|47.3|46.8|73940000.0|-0.0004
2018-06-19|46.42|46.28|46.58|45.86|134310000.0|-0.0163
2018-06-20|46.62|46.59|46.8|46.43|82510000.0|0.0043
2018-06-21|46.37|46.81|47.09|46.23|102850000.0|-0.0054
2018-06-22|46.23|46.53|46.54|46.17|108800000.0|-0.003
2018-06-25|45.54|45.85|46.23|45.18|126650000.0|-0.0149
2018-06-26|46.11|45.75|46.63|45.63|98280000.0|0.0125
2018-06-27|46.04|46.31|46.82|46.01|101140000.0|-0.0015
2018-06-28|46.38|46.02|46.55|45.95|69460000.0|0.0074
2018-06-29|46.28|46.57|46.8|45.73|90950000.0|-0.0022
2018-07-02|46.8|45.95|46.83|45.85|70930000.0|0.011200000000000002
2018-07-03|45.98|46.95|46.99|45.88|55820000.0|-0.0175
2018-07-05|46.35|46.31|46.6|46.07|66420000.0|0.008
2018-07-06|46.99|46.35|47.11|46.3|69940000.0|0.0138
2018-07-09|47.65|47.38|47.67|47.33|79030000.0|0.013999999999999999
2018-07-10|47.59|47.68|47.82|47.55|63760000.0|-0.0013
2018-07-11|46.97|47.12|47.44|46.9|75330000.0|-0.013000000000000001
2018-07-12|47.76|47.38|47.85|47.33|72160000.0|0.0168
2018-07-13|47.83|47.77|47.96|47.73|50080000.0|0.0015
2018-07-16|47.73|47.88|48.16|47.6|60170000.0|-0.0021
2018-07-17|47.86|47.44|47.97|47.3|62140000.0|0.0027
2018-07-18|47.6|47.95|47.95|47.48|65569999.99999999|-0.0054
2018-07-19|47.97|47.42|48.14|47.42|81150000.0|0.0078000000000000005
2018-07-20|47.86|47.95|48.11|47.54|82820000.0|-0.0023
2018-07-23|47.9|47.67|47.99|47.39|63960000.0|0.0008
2018-07-24|48.25|48.11|48.42|48.01|74790000.0|0.0073
2018-07-25|48.7|48.27|48.71|48.11|67310000.0|0.009300000000000001
2018-07-26|48.55|48.65|48.99|48.4|76300000.0|-0.0031
2018-07-27|47.74|48.75|48.8|47.52|96100000.0|-0.0167
2018-07-30|47.48|47.98|48.05|47.27|84120000.0|-0.0054
2018-07-31|47.57|47.58|48.03|47.34|157490000.0|0.0019
2018-08-01|50.38|49.78|50.44|49.33|271740000.0|0.0591
2018-08-02|51.85|50.15|52.09|50.09|249620000.0|0.0292
2018-08-03|52.0|51.76|52.19|51.37|133789999.99999999|0.0029
2018-08-06|52.27|52.0|52.31|51.77|101700000.0|0.0052
2018-08-07|51.78|52.33|52.38|51.69|102350000.0|-0.009399999999999999
2018-08-08|51.81|51.51|51.95|51.13|90100000.0|0.0006
2018-08-09|52.22|51.82|52.45|51.8|93970000.0|0.0079
2018-08-10|51.88|51.84|52.27|51.67|98440000.0|-0.006500000000000001
2018-08-13|52.22|51.92|52.74|51.92|103560000.0|0.0066
2018-08-14|52.44|52.54|52.64|52.06|82990000.0|0.0042
2018-08-15|52.56|52.3|52.69|52.08|115230000.0|0.0023
2018-08-16|53.33|52.94|53.45|52.87|114000000.0|0.0146
2018-08-17|54.4|53.36|54.49|53.29|141710000.0|0.020099999999999996
2018-08-20|53.87|54.52|54.8|53.78|121150000.0|-0.0097
2018-08-21|53.76|54.2|54.3|53.51|104640000.0|-0.002
2018-08-22|53.76|53.52|54.09|53.46|76070000.0|0.0
2018-08-23|53.87|53.66|54.26|53.65|75530000.0|0.002
2018-08-24|54.04|54.15|54.23|53.78|73910000.0|0.0032
2018-08-27|54.48|54.29|54.69|54.08|82100000.0|0.008100000000000001
2018-08-28|54.92|54.75|55.13|54.73|91110000.0|0.008100000000000001
2018-08-29|55.74|55.04|55.87|54.85|109020000.0|0.0149
2018-08-30|56.26|55.81|57.06|55.6|195180000.0|0.009300000000000001
2018-08-31|56.91|56.63|57.22|56.5|173360000.0|0.0116
2018-09-04|57.09|57.1|57.3|56.66|109560000.0|0.0032
2018-09-05|56.72|57.25|57.42|56.27|133330000.00000001|-0.006500000000000001
2018-09-06|55.77|56.56|56.84|55.33|137160000.0|-0.0167
2018-09-07|55.33|55.46|56.34|55.18|150480000.0|-0.0079
2018-09-10|54.58|55.24|55.46|54.12|158070000.0|-0.013600000000000001
2018-09-11|55.96|54.5|56.07|54.14|143000000.0|0.0253
2018-09-12|55.27|56.23|56.25|54.96|197110000.0|-0.0123
2018-09-13|56.6|55.88|57.09|55.64|166830000.0|0.0241
2018-09-14|55.96|56.44|56.71|55.63|128000000.0|-0.0113
2018-09-17|54.47|55.54|55.74|54.32|148780000.0|-0.026600000000000002
2018-09-18|54.56|54.45|55.46|54.28|126290000.0|0.0017000000000000001
2018-09-19|54.59|54.62|54.91|53.83|108500000.0|0.0005
2018-09-20|55.01|55.06|55.57|54.79|106440000.0|0.0077
2018-09-21|54.41|55.2|55.34|54.32|384990000.0|-0.0109
2018-09-24|55.2|54.2|55.31|54.16|110770000.0|0.014499999999999999
2018-09-25|55.55|54.94|55.7|54.92|98220000.0|0.0063
2018-09-26|55.1|55.25|55.94|54.94|95940000.0|-0.008100000000000001
2018-09-27|56.24|55.95|56.61|55.88|120720000.0|0.0207
2018-09-28|56.44|56.2|56.46|56.01|91720000.0|0.0036
2018-10-01|56.81|56.99|57.35|56.59|94400000.0|0.0066
2018-10-02|57.32|56.81|57.5|56.66|99150000.0|0.009000000000000001
2018-10-03|58.02|57.51|58.37|57.45|114620000.0|0.012199999999999999
2018-10-04|57.0|57.7|58.09|56.68|128169999.99999999|-0.0176
2018-10-05|56.07|56.99|57.1|55.15|134320000.0|-0.0163
2018-10-08|55.94|55.55|56.2|55.05|118660000.0|-0.0023
2018-10-09|56.72|55.91|56.82|55.56|107560000.0|0.0139
2018-10-10|54.09|56.37|56.59|54.01|167960000.0|-0.0464
2018-10-11|53.61|53.63|54.88|53.08|212500000.0|-0.0089
2018-10-12|55.53|55.1|55.72|54.21|161350000.0|0.0358
2018-10-15|54.34|55.29|55.46|54.32|123160000.0|-0.021400000000000002
2018-10-16|55.54|54.73|55.75|54.19|116740000.0|0.022099999999999998
2018-10-17|55.3|55.58|55.66|54.84|91540000.0|-0.0043
2018-10-18|54.01|54.47|54.94|53.25|130330000.00000001|-0.0233
2018-10-19|54.83|54.52|55.31|54.36|132310000.0|0.0152
2018-10-22|55.16|54.95|55.84|54.73|115170000.0|0.006
2018-10-23|55.68|53.96|55.81|53.67|155070000.0|0.009399999999999999
2018-10-24|53.77|55.65|56.06|53.63|163700000.0|-0.034300000000000004
2018-10-25|54.95|54.43|55.34|54.19|119420000.0|0.0219
2018-10-26|54.08|53.98|55.05|53.17|189030000.0|-0.0158
2018-10-29|53.06|54.8|54.92|51.52|183740000.0|-0.0189
2018-10-30|53.33|52.79|53.8|52.32|146640000.0|0.0051
2018-10-31|54.72|54.22|55.11|54.16|153440000.0|0.026099999999999998
2018-11-01|55.55|54.76|55.59|54.2|233290000.0|0.0152
2018-11-02|51.87|52.39|53.41|51.36|365310000.0|-0.0662
2018-11-05|50.4|51.08|51.1|49.54|264649999.99999997|-0.028300000000000002
2018-11-06|50.94|50.48|51.18|50.42|127530000.0|0.010700000000000001
2018-11-07|52.49|51.49|52.52|51.03|133699999.99999999|0.0304
2018-11-08|52.12|52.49|52.53|51.69|101450000.0|-0.006999999999999999
2018-11-09|51.12|51.39|51.5|50.56|137460000.0|-0.0192
2018-11-12|48.54|49.75|49.96|48.45|204540000.0|-0.050499999999999996
2018-11-13|48.06|47.91|49.3|47.86|187530000.0|-0.009899999999999999
2018-11-14|46.7|48.48|48.62|46.48|243200000.0|-0.028300000000000002
2018-11-15|47.85|47.1|47.99|46.73|185920000.0|0.0246
2018-11-16|48.38|47.62|48.74|47.37|147710000.0|0.0111
2018-11-19|46.47|47.5|47.67|46.25|167680000.0|-0.0395
2018-11-20|44.24|44.59|45.37|43.88|271300000.0|-0.048
2018-11-21|44.2|44.93|45.07|44.14|124500000.0|-0.0009
2018-11-23|43.07|43.73|44.15|43.02|94500000.0|-0.0256
2018-11-26|43.66|43.56|43.74|42.56|179990000.0|0.0137
2018-11-27|43.56|42.88|43.69|42.72|165550000.0|-0.0023
2018-11-28|45.23|44.18|45.32|43.73|184250000.0|0.0383
2018-11-29|44.89|45.66|45.7|44.42|167080000.0|-0.0075
2018-11-30|44.65|45.07|45.08|44.26|158130000.0|-0.0053
2018-12-03|46.2|46.12|46.23|45.3|163190000.0|0.0347
2018-12-04|44.17|45.24|45.6|44.07|165380000.0|-0.043899999999999995
2018-12-06|43.68|42.94|43.7|42.6|172390000.0|-0.0111
2018-12-07|42.12|43.37|43.62|42.08|169130000.0|-0.035699999999999996
2018-12-10|42.4|41.25|42.52|40.83|248100000.0|0.0066
2018-12-11|42.16|42.91|42.95|41.75|189130000.0|-0.005699999999999999
2018-12-12|42.27|42.6|42.98|42.26|142510000.0|0.0026
2018-12-13|42.74|42.62|43.14|42.39|127590000.0|0.0111
2018-12-14|41.37|42.25|42.27|41.32|162810000.0|-0.0321
2018-12-17|40.98|41.36|42.09|40.68|177150000.0|-0.009399999999999999
2018-12-18|41.52|41.34|41.88|41.1|135370000.0|0.0132
2018-12-19|40.22|41.5|41.86|39.77|196190000.0|-0.0313
2018-12-20|39.21|40.1|40.53|38.83|259089999.99999997|-0.025099999999999997
2018-12-21|37.68|39.22|39.54|37.41|382980000.0|-0.039
2018-12-24|36.71|37.04|37.89|36.65|148680000.0|-0.025699999999999997
2018-12-26|39.29|37.08|39.31|36.68|234330000.0|0.0703
2018-12-27|39.04|38.96|39.19|37.52|212470000.0|-0.0064
2018-12-28|39.06|39.38|39.63|38.64|169170000.0|0.0005
2018-12-31|39.44|39.63|39.84|39.12|140010000.0|0.0097
2019-01-02|39.48|38.72|39.71|38.56|148160000.0|0.001
2019-01-03|35.55|35.99|36.43|35.5|365250000.0|-0.09949999999999999
2019-01-04|37.06|36.13|37.14|35.95|234430000.0|0.0425
2019-01-07|36.98|37.17|37.21|36.48|219110000.0|-0.0022
2019-01-08|37.69|37.39|37.95|37.13|164100000.0|0.0192
2019-01-09|38.33|37.82|38.63|37.41|180400000.0|0.017
2019-01-10|38.45|38.12|38.49|37.72|143120000.0|0.0031
2019-01-11|38.07|38.22|38.42|37.88|108090000.0|-0.009899999999999999
2019-01-14|37.5|37.71|37.82|37.3|129759999.99999999|-0.015
2019-01-15|38.27|37.57|38.35|37.51|114840000.0|0.020499999999999997
2019-01-16|38.73|38.27|38.97|38.25|122280000.0|0.012
2019-01-17|38.97|38.55|39.41|38.31|119280000.0|0.0062
2019-01-18|39.2|39.38|39.47|39.0|135000000.0|0.0059
2019-01-22|38.33|39.1|39.18|38.16|121580000.0|-0.0222
2019-01-23|38.48|38.54|38.78|37.92|92520000.0|0.0039000000000000003
2019-01-24|38.17|38.53|38.62|37.94|101770000.0|-0.008100000000000001
2019-01-25|39.44|38.87|39.53|38.58|134190000.0|0.0333
2019-01-28|39.08|38.95|39.08|38.41|104770000.0|-0.0091
2019-01-29|38.67|39.06|39.53|38.53|166350000.0|-0.0105
2019-01-30|41.31|40.81|41.54|40.06|244440000.0|0.0683
2019-01-31|41.61|41.53|42.25|41.14|162960000.0|0.0073
2019-02-01|41.63|41.74|42.24|41.48|130669999.99999999|0.0005
2019-02-04|42.81|41.85|42.91|41.82|125980000.0|0.028300000000000002
2019-02-05|43.55|43.22|43.77|43.09|144410000.0|0.0173
2019-02-06|43.56|43.66|43.89|43.21|112960000.0|0.0002
2019-02-07|42.73|43.1|43.48|42.59|126970000.0|-0.0191
2019-02-08|42.6|42.25|42.66|42.1|95280000.0|-0.003
2019-02-11|42.36|42.76|42.8|42.31|83970000.0|-0.005600000000000001
2019-02-12|42.72|42.52|42.75|42.42|89130000.0|0.0085
2019-02-13|42.55|42.85|43.12|42.48|89960000.0|-0.004
2019-02-14|42.7|42.43|42.82|42.34|87340000.0|0.0034999999999999996
2019-02-15|42.6|42.81|42.92|42.44|98510000.0|-0.0023
2019-02-19|42.73|42.43|42.86|42.37|75890000.0|0.0031
2019-02-20|43.01|42.8|43.33|42.75|104460000.0|0.0066
2019-02-21|42.77|42.95|43.09|42.58|69000000.0|-0.005600000000000001
2019-02-22|43.24|42.9|43.25|42.84|75650000.0|0.011000000000000001
2019-02-25|43.56|43.54|43.97|43.49|87490000.0|0.0074
2019-02-26|43.58|43.43|43.83|43.29|68280000.0|0.0005
2019-02-27|43.72|43.3|43.75|43.18|111340000.0|0.0032
2019-02-28|43.29|43.58|43.73|43.23|112860000.0|-0.0098
2019-03-01|43.74|43.57|43.79|43.22|103540000.0|0.0104
2019-03-04|43.96|43.92|44.44|43.49|109740000.0|0.005
2019-03-05|43.88|43.98|44.0|43.63|78950000.0|-0.0018
2019-03-06|43.63|43.67|43.87|43.48|83240000.0|-0.005699999999999999
2019-03-07|43.12|43.47|43.61|43.01|99190000.0|-0.011699999999999999
2019-03-08|43.23|42.58|43.27|42.38|96000000.0|0.0026
2019-03-11|44.73|43.87|44.78|43.84|128039999.99999999|0.0347
2019-03-12|45.23|45.0|45.67|44.84|129870000.0|0.011200000000000002
2019-03-13|45.43|45.56|45.83|45.23|124130000.0|0.0044
2019-03-14|45.93|45.98|46.02|45.64|94320000.0|0.011000000000000001
2019-03-15|46.53|46.21|46.83|45.94|156170000.0|0.0131
2019-03-18|47.01|46.45|47.1|46.45|104880000.0|0.0103
2019-03-19|46.63|47.09|47.25|46.48|126590000.0|-0.008100000000000001
2019-03-20|47.04|46.56|47.37|46.18|124140000.0|0.0088
2019-03-21|48.77|47.51|49.08|47.45|204140000.0|0.0368
2019-03-22|47.76|48.84|49.42|47.7|169630000.0|-0.0207
2019-03-25|47.19|47.88|47.99|46.65|175380000.0|-0.011899999999999999
2019-03-26|46.7|47.92|48.22|46.15|199200000.0|-0.0104
2019-03-27|47.12|47.19|47.44|46.64|119390000.0|0.009000000000000001
2019-03-28|47.18|47.24|47.39|46.88|83120000.0|0.0013
2019-03-29|47.49|47.46|47.52|47.13|94260000.0|0.0066
2019-04-01|47.81|47.91|47.92|47.09|111450000.0|0.0067
2019-04-02|48.51|47.77|48.62|47.76|91060000.0|0.0146
2019-04-03|48.84|48.31|49.12|48.29|93090000.0|0.0068000000000000005
2019-04-04|48.92|48.7|49.09|48.28|76460000.0|0.0016
2019-04-05|49.25|49.11|49.27|48.98|74110000.0|0.0067
2019-04-08|50.02|49.1|50.06|49.09|103530000.0|0.015600000000000001
2019-04-09|49.88|50.08|50.71|49.81|143070000.0|-0.0028000000000000004
2019-04-10|50.16|49.67|50.19|49.55|86780000.0|0.005600000000000001
2019-04-11|49.74|50.21|50.25|49.61|83600000.0|-0.0084
2019-04-12|49.72|49.8|50.03|49.05|111040000.0|-0.0004
2019-04-15|49.81|49.65|49.96|49.5|70150000.0|0.0018
2019-04-16|49.81|49.87|50.34|49.64|102790000.0|0.0
2019-04-17|50.78|49.88|50.84|49.65|115630000.0|0.0195
2019-04-18|50.97|50.78|51.04|50.63|96780000.0|0.0037
2019-04-22|51.13|50.71|51.23|50.59|77760000.0|0.0031
2019-04-23|51.87|51.11|51.94|50.98|93290000.0|0.014499999999999999
2019-04-24|51.79|51.84|52.12|51.76|70160000.0|-0.0015
2019-04-25|51.32|51.71|51.94|51.28|74170000.0|-0.0091
2019-04-26|51.08|51.23|51.25|50.53|74600000.0|-0.004699999999999999
2019-04-29|51.15|51.1|51.49|50.97|88820000.0|0.0014000000000000002
2019-04-30|50.17|50.77|50.85|49.78|186140000.0|-0.0192
2019-05-01|52.63|52.47|53.83|52.31|259310000.0|0.049
2019-05-02|52.29|52.46|53.16|52.03|127990000.0|-0.006500000000000001
2019-05-03|52.94|52.72|52.96|52.56|83570000.0|0.0124
2019-05-06|52.12|51.07|52.21|50.88|129770000.00000001|-0.0155
2019-05-07|50.72|51.47|51.85|50.21|155050000.0|-0.0269
2019-05-08|50.73|50.48|51.34|50.44|105360000.0|0.0002
2019-05-09|50.18|50.1|50.42|49.16|139630000.0|-0.0108
2019-05-10|49.3|49.35|49.71|48.19|164830000.0|-0.0175
2019-05-13|46.43|46.93|47.37|45.71|229720000.0|-0.0582
2019-05-14|47.16|46.6|47.42|46.35|146120000.0|0.015700000000000002
2019-05-15|47.73|46.57|47.94|46.51|106180000.0|0.0121
2019-05-16|47.52|47.48|48.12|47.21|132130000.0|-0.0044
2019-05-17|47.25|46.73|47.73|46.69|131520000.00000001|-0.005699999999999999
2019-05-20|45.77|45.88|46.09|45.07|154450000.0|-0.0313
2019-05-21|46.65|46.3|47.0|46.17|113460000.0|0.0192
2019-05-22|45.7|46.16|46.43|45.64|118990000.0|-0.0204
2019-05-23|44.91|44.95|45.13|44.45|146120000.0|-0.0173
2019-05-24|44.74|45.05|45.53|44.66|94860000.0|-0.0038
2019-05-28|44.56|44.73|45.15|44.48|111790000.0|-0.004
2019-05-29|44.34|44.1|44.84|44.0|113920000.0|-0.0049
2019-05-30|44.58|44.49|44.81|44.17|84870000.0|0.0054
2019-05-31|43.77|44.06|44.5|43.75|108170000.0|-0.0182
2019-06-03|43.33|43.9|44.48|42.57|161580000.0|-0.0101
2019-06-04|44.91|43.86|44.96|43.63|123870000.0|0.0365
2019-06-05|45.63|46.07|46.25|45.28|119090000.0|0.016
2019-06-06|46.3|45.77|46.37|45.54|90110000.0|0.0147
2019-06-07|47.54|46.63|47.98|46.44|122740000.0|0.0268
2019-06-10|48.15|47.95|48.84|47.91|104880000.0|0.0128
2019-06-11|48.7|48.72|49.0|48.4|107730000.0|0.011399999999999999
2019-06-12|48.55|48.49|48.99|48.35|73010000.0|-0.0031
2019-06-13|48.54|48.67|49.2|48.4|86700000.0|-0.0002
2019-06-14|48.19|47.89|48.4|47.58|75050000.0|-0.0072
2019-06-17|48.47|48.23|48.74|48.04|58680000.0|0.0058
2019-06-18|49.61|49.01|50.07|48.8|106200000.0|0.0235
2019-06-19|49.47|49.92|49.97|49.33|84500000.0|-0.0028000000000000004
2019-06-20|49.87|50.09|50.15|49.51|86060000.0|0.008100000000000001
2019-06-21|49.7|49.7|50.21|49.54|191200000.0|-0.0034000000000000002
2019-06-24|49.65|49.63|50.04|49.54|72880000.0|-0.001
2019-06-25|48.89|49.61|49.81|48.82|84280000.0|-0.015300000000000001
2019-06-26|49.95|49.44|50.25|49.34|104270000.0|0.0217
2019-06-27|49.94|50.07|50.39|49.89|83600000.0|-0.0002
2019-06-28|49.48|49.67|49.87|49.26|124440000.0|-0.0092
2019-07-01|50.39|50.79|51.12|50.16|109270000.0|0.0184
2019-07-02|50.68|50.35|50.78|50.34|67740000.0|0.0058
2019-07-03|51.1|50.82|51.11|50.67|45450000.0|0.0083
2019-07-05|51.06|50.84|51.27|50.73|69060000.0|-0.0008
2019-07-08|50.01|50.2|50.35|49.6|101350000.0|-0.0206
2019-07-09|50.31|49.8|50.38|49.7|82310000.0|0.006
2019-07-10|50.81|50.46|50.93|50.39|71590000.0|0.009899999999999999
2019-07-11|50.44|50.83|51.1|50.43|80770000.0|-0.0073
2019-07-12|50.83|50.61|51.0|50.55|70380000.0|0.0077
2019-07-15|51.3|51.02|51.47|51.0|67790000.0|0.0092
2019-07-16|51.12|51.15|51.53|50.88|67470000.0|-0.0034999999999999996
2019-07-17|50.84|51.01|51.27|50.82|56430000.0|-0.0055000000000000005
2019-07-18|51.41|51.0|51.47|50.92|74330000.0|0.011200000000000002
2019-07-19|50.65|51.45|51.62|50.59|83720000.0|-0.0148
2019-07-22|51.8|50.91|51.81|50.9|89110000.0|0.0227
2019-07-23|52.21|52.12|52.23|51.82|73420000.0|0.0079
2019-07-24|52.17|51.92|52.29|51.79|59970000.0|-0.0008
2019-07-25|51.76|52.22|52.31|51.68|55640000.0|-0.0079
2019-07-26|51.94|51.87|52.43|51.78|70480000.0|0.0034999999999999996
2019-07-29|52.42|52.12|52.66|52.11|86690000.0|0.0092
2019-07-30|52.2|52.19|52.54|51.83|135740000.0|-0.0042
2019-07-31|53.26|54.1|55.34|52.83|277130000.0|0.0203
2019-08-01|52.11|53.48|54.51|51.69|216070000.0|-0.0216
2019-08-02|51.01|51.38|51.61|50.41|163450000.0|-0.021099999999999997
2019-08-05|48.34|49.5|49.66|48.15|209570000.0|-0.052300000000000006
2019-08-06|49.25|49.08|49.52|48.51|143300000.0|0.018799999999999997
2019-08-07|49.76|48.85|49.89|48.45|133460000.00000001|0.0104
2019-08-08|50.86|50.05|50.88|49.85|108040000.0|0.022099999999999998
2019-08-09|50.25|50.33|50.69|49.82|98480000.0|-0.012
2019-08-12|50.12|49.91|50.51|49.79|89930000.0|-0.0026
2019-08-13|52.24|50.26|53.03|50.21|190160000.0|0.042300000000000004
2019-08-14|50.69|50.79|51.61|50.65|146190000.0|-0.0297
2019-08-15|50.44|50.87|51.28|49.92|111530000.0|-0.0049
2019-08-16|51.62|51.07|51.79|50.96|115250000.0|0.023399999999999997
2019-08-19|52.59|52.66|53.18|52.51|97730000.0|0.018799999999999997
2019-08-20|52.59|52.72|53.34|52.58|107680000.0|0.0
2019-08-21|53.16|53.25|53.41|52.9|86260000.0|0.0108
2019-08-22|53.12|53.3|53.61|52.69|89070000.0|-0.0008
2019-08-23|50.66|52.36|53.01|50.25|187530000.0|-0.0463
2019-08-26|51.62|51.47|51.8|51.26|104260000.0|0.0189
2019-08-27|51.04|51.97|52.14|50.88|103590000.0|-0.011200000000000002
2019-08-28|51.38|51.02|51.43|50.83|63830000.0|0.0067
2019-08-29|52.25|52.12|52.33|51.66|84030000.0|0.0169
2019-08-30|52.19|52.54|52.61|51.8|84650000.0|-0.0011
2019-09-03|51.42|51.61|51.74|51.05|80240000.0|-0.0148
2019-09-04|52.3|52.1|52.37|51.83|76870000.0|0.0171
2019-09-05|53.32|53.0|53.49|52.88|95790000.0|0.0195
2019-09-06|53.31|53.51|53.6|53.13|77450000.0|-0.0002
2019-09-09|53.54|53.71|54.11|52.77|109240000.0|0.0043
2019-09-10|54.17|53.47|54.2|52.93|127110000.0|0.0118
2019-09-11|55.9|54.52|55.93|54.43|177160000.0|0.0319
2019-09-12|55.77|56.2|56.6|55.72|128910000.0|-0.0023
2019-09-13|54.69|55.0|55.2|54.26|159050000.0|-0.0194
2019-09-16|54.98|54.43|55.03|54.39|84630000.0|0.0053
2019-09-17|55.17|54.99|55.2|54.78|73550000.0|0.0034999999999999996
2019-09-18|55.69|55.27|55.71|54.86|102570000.0|0.009399999999999999
2019-09-19|55.24|55.5|55.94|55.09|88750000.0|-0.008100000000000001
2019-09-20|54.43|55.34|55.64|54.37|231910000.0|-0.0147
2019-09-23|54.68|54.74|54.96|54.41|77680000.0|0.0046
2019-09-24|54.42|55.26|55.62|54.3|125740000.0|-0.0048
2019-09-25|55.26|54.64|55.38|54.29|89920000.0|0.0154
2019-09-26|54.97|55.0|55.23|54.71|76350000.0|-0.0052
2019-09-27|54.7|55.13|55.24|54.32|101450000.0|-0.0049
2019-09-30|55.99|55.23|56.15|55.2|105270000.0|0.0236
2019-10-01|56.15|56.27|57.05|56.05|144750000.0|0.0029
2019-10-02|54.74|55.77|55.9|54.48|143070000.0|-0.025099999999999997
2019-10-03|55.2|54.61|55.24|53.78|121410000.0|0.0084
2019-10-04|56.75|56.41|56.87|55.97|139020000.0|0.0281
2019-10-07|56.77|56.57|57.48|56.46|123560000.0|0.0004
2019-10-08|56.1|56.45|57.02|56.08|117130000.0|-0.0118
2019-10-09|56.76|56.76|56.95|56.41|76120000.0|0.0118
2019-10-10|57.52|56.98|57.61|56.83|115850000.0|0.0134
2019-10-11|59.05|58.24|59.41|58.08|167960000.0|0.026600000000000002
2019-10-14|58.97|58.73|59.53|58.67|97650000.0|-0.0014000000000000002
2019-10-15|58.83|59.1|59.41|58.72|92160000.0|-0.0024
2019-10-16|58.59|58.34|58.81|58.3|77150000.0|-0.0040999999999999995
2019-10-17|58.82|58.77|59.04|58.38|69090000.0|0.0039000000000000003
2019-10-18|59.1|58.65|59.4|58.57|97510000.0|0.0048
2019-10-21|60.13|59.38|60.25|59.33|89470000.0|0.0174
2019-10-22|59.99|60.29|60.55|59.91|90740000.0|-0.0023
2019-10-23|60.8|60.52|60.81|60.3|79730000.0|0.013500000000000002
2019-10-24|60.9|61.13|61.2|60.45|71670000.0|0.0016
2019-10-25|61.65|60.79|61.68|60.72|73480000.0|0.0123
2019-10-28|62.26|61.85|62.31|61.68|96570000.0|0.009899999999999999
2019-10-29|60.82|62.24|62.44|60.64|142840000.0|-0.0231
2019-10-30|60.81|61.19|61.33|60.3|124520000.0|-0.0002
2019-10-31|62.19|61.81|62.29|59.31|139160000.0|0.0227
2019-11-01|63.95|62.38|63.98|62.29|151130000.0|0.028300000000000002
2019-11-04|64.38|64.33|64.46|63.84|103270000.0|0.0067
2019-11-05|64.28|64.26|64.55|64.08|79900000.0|-0.0016
2019-11-06|64.31|64.19|64.37|63.84|75860000.0|0.0005
2019-11-07|64.86|64.69|65.09|64.53|94940000.0|0.0086
2019-11-08|65.03|64.67|65.11|64.21|70080000.0|0.0026
2019-11-11|65.55|64.58|65.62|64.57|82030000.0|0.008
2019-11-12|65.49|65.39|65.7|65.23|87390000.0|-0.0009
2019-11-13|66.12|65.28|66.19|65.27|103270000.0|0.0096
2019-11-14|65.66|65.94|66.22|65.53|89580000.0|-0.006999999999999999
2019-11-15|66.44|65.92|66.44|65.75|100370000.0|0.011899999999999999
2019-11-18|66.78|66.45|66.86|66.06|86800000.0|0.0051
2019-11-19|66.57|66.97|67.0|66.35|76280000.0|-0.0031
2019-11-20|65.8|66.39|66.52|65.1|106440000.0|-0.0116
2019-11-21|65.5|65.92|66.0|65.3|121400000.0|-0.0046
2019-11-22|65.44|65.65|65.8|65.21|65330000.0|-0.0009
2019-11-25|66.59|65.68|66.61|65.63|84120000.0|0.0176
2019-11-26|66.07|66.73|66.79|65.62|105340000.0|-0.0078000000000000005
2019-11-27|66.96|66.39|67.0|66.33|65540000.00000001|0.013500000000000002
2019-11-29|66.81|66.65|67.0|66.47|46620000.0|-0.0022
2019-12-02|66.04|66.82|67.06|65.86|94770000.0|-0.0115
2019-12-03|64.86|64.58|64.88|64.07|117510000.0|-0.0179
2019-12-04|65.44|65.27|65.83|65.17|67240000.0|0.0089
2019-12-05|66.39|65.95|66.47|65.68|74650000.0|0.014499999999999999
2019-12-06|67.68|66.87|67.75|66.83|106190000.0|0.0194
2019-12-09|66.73|67.5|67.7|66.23|128729999.99999999|-0.013999999999999999
2019-12-10|67.12|67.15|67.52|66.47|90530000.0|0.0058
2019-12-11|67.69|67.2|67.78|67.12|78890000.0|0.0085
2019-12-12|67.86|66.94|68.14|66.83|137750000.0|0.0025
2019-12-13|68.79|67.86|68.83|67.73|133729999.99999999|0.0137
2019-12-16|69.97|69.25|70.2|69.25|128320000.0|0.0172
2019-12-17|70.1|69.89|70.44|69.7|114300000.0|0.0019
2019-12-18|69.94|69.95|70.47|69.78|116100000.0|-0.0023
2019-12-19|70.0|69.88|70.3|69.74|98510000.0|0.0009
2019-12-20|69.86|70.56|70.66|69.64|276130000.0|-0.002
2019-12-23|71.0|70.13|71.06|70.09|98710000.0|0.0163
2019-12-24|71.07|71.17|71.22|70.73|48480000.0|0.001
2019-12-26|72.48|71.2|72.5|71.17|93340000.0|0.019799999999999998
2019-12-27|72.45|72.78|73.49|72.03|146370000.0|-0.0004
2019-12-30|72.88|72.36|73.17|71.31|144240000.0|0.0059
2019-12-31|73.41|72.48|73.42|72.38|100990000.0|0.0073
